{"cameraMode":{"drawMode":0,"name":"Shaded","section":"Shading Mode"},"sceneLighting":false,"audioPlay":false,"sceneViewState":{"m_AlwaysRefresh":false,"showFog":true,"showSkybox":false,"showFlares":true,"showImageEffects":true,"showParticleSystems":true,"showVisualEffectGraphs":true,"m_FxEnabled":true},"in2DMode":false,"pivot":{"x":-3.2147319316864015,"y":2.1268675327301027,"z":-24.228748321533204},"rotation":{"x":-0.10878248512744904,"y":-0.2555326223373413,"z":0.02896251156926155,"w":-0.9602370262145996},"size":1.5801303386688233,"orthographic":false}