{"cameraMode":{"drawMode":0,"name":"Shaded","section":"Shading Mode"},"sceneLighting":false,"audioPlay":false,"sceneViewState":{"m_AlwaysRefresh":false,"showFog":true,"showSkybox":false,"showFlares":true,"showImageEffects":true,"showParticleSystems":true,"showVisualEffectGraphs":true,"m_FxEnabled":true},"in2DMode":false,"pivot":{"x":0.01104956865310669,"y":-0.36313238739967348,"z":-0.20570072531700135},"rotation":{"x":-0.049983229488134387,"y":0.9471396803855896,"z":-0.1829490065574646,"w":-0.25876590609550478},"size":1.5182286500930787,"orthographic":false}