{"cameraMode":{"drawMode":0,"name":"Shaded","section":"Shading Mode"},"sceneLighting":false,"audioPlay":false,"sceneViewState":{"m_AlwaysRefresh":false,"showFog":true,"showSkybox":false,"showFlares":true,"showImageEffects":true,"showParticleSystems":true,"showVisualEffectGraphs":true,"m_FxEnabled":true},"in2DMode":false,"pivot":{"x":0.5912705659866333,"y":-0.22860172390937806,"z":-0.9597686529159546},"rotation":{"x":0.08667254447937012,"y":0.6753345131874085,"z":-0.08040404319763184,"w":0.7279832363128662},"size":1.8240702152252198,"orthographic":true}